32768,06 49 56.14,-50 36 51.8,2.94,17.85,34.23,-65.85,K0III...,1.207
71683,14 39 40.90,-60 50 06.5,-0.01,742.12,-3678.19,481.84,G2V,0.71
53253,10 53 29.57,-58 51 11.8,3.78,33.71,79.75,38.65,K0III-IV...,0.945
8198,01 45 23.59,+09 09 27.5,4.26,12.63,70.82,38.99,K0III,0.942
26634,05 39 38.94,-34 04 26.6,2.65,12.16,-0.1,-24.05,B7IV,-0.12
79882,16 18 19.24,-04 41 33.4,3.23,30.34,82.39,40.08,G8III,0.966
92175,18 47 10.48,-04 44 52.2,4.22,4.73,-7.71,-15.89,G5II...,1.087
86032,17 34 56.00,+12 33 38.1,2.08,69.84,110.08,-222.61,A5III,0.155
110609,22 24 31.00,+49 28 35.0,4.55,1.54,-5.12,-3.37,B9Iab,0.092
14354,03 05 10.50,+38 50 25.9,3.32,10.03,128.69,-106.61,M3IIIvar,1.528
57363,11 45 36.57,-66 43 43.8,3.63,25.42,-100.42,33.21,A7III,0.16
22549,04 51 12.37,+05 36 18.4,3.68,2.59,-3.62,1.03,B2III SB,-0.157
45080,09 10 58.11,-58 58 00.9,3.43,7.79,-17.67,14.14,B2IV,-0.19
2072,00 26 12.12,-43 40 47.7,3.93,42.51,106.14,32.83,A7V,0.175
77853,15 53 49.48,-16 43 46.6,4.13,20.02,100.12,135.27,K0III,1.003
51232,10 27 52.75,-58 44 21.9,3.81,3.13,-13.25,2.21,F2II,0.317
24608,05 16 41.30,+45 59 56.5,0.08,77.29,75.52,-427.13,M1: comp,0.795
98337,19 58 45.39,+19 29 31.5,3.51,11.9,64.37,22.58,K5III,1.571
51233,10 27 53.09,+36 42 26.9,4.2,22.34,-127.52,-109.62,G8III-IV,0.908
2081,00 26 16.87,-42 18 18.4,2.4,42.14,232.76,-353.64,K0III...,1.083
116771,23 39 56.82,+05 37 38.5,4.13,72.51,376.32,-437.0,F7V,0.507
57380,11 45 51.57,+06 31 47.3,4.04,10.42,-19.65,-180.02,M0III,1.501
69673,14 15 40.35,+19 11 14.2,-0.05,88.85,-1093.45,-1999.4,K2IIIp,1.239
92202,18 47 28.98,-05 42 18.3,5.38,2.32,-44.09,-31.36,K0Ibpvar,1.28
84012,17 10 22.66,-15 43 30.5,2.43,38.77,41.16,97.65,A2.5Va,0.059
28716,06 03 55.18,+20 08 18.5,4.64,0.1,2.19,-2.81,B2Iavar,0.236
6193,01 19 27.98,+27 15 50.7,4.74,10.49,26.21,-11.62,A3V,0.032
20535,04 24 02.17,-34 01 01.2,3.97,11.95,73.77,57.57,K4III,1.468
57399,11 46 03.13,+47 46 45.6,3.69,16.64,-138.38,28.37,K0III,1.181
28734,06 04 07.22,+23 15 49.1,4.16,21.64,-2.6,-119.72,G7III,0.835
69701,14 16 00.88,-05 59 58.3,4.07,46.74,-25.84,-419.84,F7V,0.511
18505,03 57 25.44,+63 04 20.1,4.95,9.65,7.58,6.01,B9.5V,-0.074
104521,21 10 20.47,+10 07 55.0,4.7,28.38,49.07,-151.85,F0p,0.262
90185,18 24 10.35,-34 23 03.5,1.79,22.55,-39.61,-124.05,B9.5III,-0.031
112716,22 49 35.51,-13 35 33.1,4.05,8.58,-12.58,-38.8,K5III,1.57
41037,08 22 30.86,-59 30 34.3,1.86,5.16,-25.34,22.72,K3III+B2V,1.196
10324,02 13 00.01,+08 50 48.3,4.36,9.01,-26.23,-14.4,G8II:,0.878
102485,20 46 05.77,-25 16 13.9,4.13,68.16,-51.38,-156.66,F5V,0.426
112724,22 49 40.91,+66 12 02.6,3.5,28.27,-66.1,-124.74,K0III,1.053
102488,20 46 12.43,+33 58 10.0,2.48,45.26,356.16,330.28,K0III,1.021
43103,08 46 41.83,+28 45 36.0,4.03,10.94,-20.69,-43.95,G8Iab:,1.007
36962,07 35 55.37,+26 53 45.6,4.06,13.57,-39.58,-108.08,K5III,1.54
12387,02 39 28.95,+00 19 42.7,4.08,5.04,14.44,-2.53,B2IV,-0.212
18532,03 57 51.22,+40 00 37.0,2.9,6.06,12.61,-24.06,B0.5V,-0.199
100453,20 22 13.70,+40 15 24.1,2.23,2.14,2.43,-0.93,F8Ib,0.673
12390,02 39 33.73,-11 52 17.7,4.83,36.99,172.01,-236.31,F5V,0.447
43109,08 46 46.65,+06 25 08.1,3.38,24.13,-231.04,-40.17,G0III-IV,0.685
26727,05 40 45.52,-01 56 33.3,1.74,3.99,3.99,2.54,O9.5Ib SB,-0.199
12394,02 39 35.22,-68 16 01.0,4.12,21.27,87.4,0.56,B9III,-0.061
112748,22 50 00.10,+24 36 06.1,3.51,27.95,144.11,-43.44,M2III,0.933
98412,19 59 44.17,-35 16 34.5,4.37,5.28,6.02,-25.15,B2.5IV,-0.15
71795,14 41 08.92,+13 43 42.0,3.78,18.07,52.36,-12.71,A3IVn,0.044
41075,08 22 50.13,+43 11 18.1,4.25,8.39,-25.62,-99.44,K5III,1.55
108661,22 00 50.22,-28 27 13.5,5.43,3.22,14.81,0.3,B8/B9V+...,-0.095
79992,16 19 44.45,+46 18 47.8,3.91,10.37,-13.15,39.31,B5IV,-0.151
63608,13 02 10.76,+10 57 32.8,2.85,31.9,-275.05,19.96,G8IIIvar,0.934
12413,02 39 47.92,-42 53 29.9,4.74,25.15,92.11,-15.07,A2V,0.061
80000,16 19 50.57,-50 09 19.4,4.01,25.58,-159.36,-52.84,G8III,1.08
77952,15 55 08.81,-63 25 47.1,2.83,81.24,-188.45,-401.92,F2III,0.315
102532,20 46 39.52,+16 07 29.2,4.27,32.14,-25.88,-196.27,K1IV,1.042
61585,12 37 11.08,-69 08 07.9,2.69,10.67,-39.87,-12.44,B2IV-V,-0.176
30867,06 28 49.07,-07 01 59.0,3.76,4.72,-7.0,-4.97,B3Ve,-0.113
96406,19 36 01.65,-24 43 08.5,5.64,11.23,6.08,-26.37,A1m...,0.185
16537,03 32 56.42,-09 27 29.9,3.72,310.75,-976.44,17.97,K2V,0.881
82080,16 45 58.16,+82 02 14.1,4.21,9.41,19.54,4.67,G5IIIvar,0.897
30883,06 28 57.79,+20 12 43.8,4.13,6.49,-5.98,-14.08,B6III,-0.115
18597,03 58 44.74,-61 24 00.5,4.56,6.15,9.79,-14.39,M2III,1.59
114855,23 15 53.28,-09 05 15.7,4.24,21.97,368.56,-17.02,K0III,1.107
94376,19 12 33.15,+67 39 40.7,3.07,32.54,94.49,92.3,G9III,0.99
20648,04 25 29.32,+17 55 40.8,4.3,22.05,108.26,-32.47,A2IV,0.049
22701,04 52 53.68,-05 27 09.9,4.36,14.39,-18.01,25.03,A9IV,0.257
84143,17 12 09.18,-43 14 18.6,3.32,45.56,22.01,-287.41,F3p,0.441
71860,14 41 55.77,-47 23 17.3,2.3,5.95,-21.15,-24.22,B1.5III,-0.154
45238,09 13 12.24,-69 43 02.9,1.67,29.34,-157.66,108.91,A2IV,0.07
18614,03 58 57.90,+35 47 27.7,3.98,1.84,1.92,2.3,O7.5Iab:,0.016
98495,20 00 35.39,-72 54 36.7,3.97,30.73,80.54,-131.34,A0V,-0.032
116928,23 42 02.88,+01 46 49.5,4.49,32.38,-129.55,-154.87,A7V,0.2
12484,02 40 39.58,-54 32 59.7,5.21,20.49,32.76,5.24,F4IV,0.411
12486,02 40 39.93,-39 51 19.1,4.11,22.42,135.17,-27.34,K0III,1.006
22730,04 53 22.76,+02 30 29.8,5.33,5.11,29.67,-16.4,M1III,1.632
86228,17 37 19.13,-42 59 52.2,1.86,11.99,6.06,-0.95,F1II,0.406
102618,20 47 40.53,-09 29 44.5,3.78,14.21,31.89,-35.32,A1V,0.0
35037,07 14 48.66,-26 46 21.7,4.01,3.53,-11.5,7.67,B2IV/Ve,-0.15
43234,08 48 25.98,+05 50 16.4,4.35,9.67,-17.51,-29.79,A0Vn,-0.044
16611,03 33 47.25,-21 37 58.1,4.26,11.02,44.91,-27.47,B9V,-0.106
71908,14 42 30.69,-64 58 28.5,3.18,60.97,-192.64,-234.07,F1Vp,0.256
51437,10 30 17.50,-00 38 13.1,5.08,9.46,-40.12,-22.17,B6V,-0.138
28910,06 06 09.33,-14 56 07.0,4.67,19.14,-16.87,13.16,A0V,0.046
98543,20 01 06.01,+27 45 12.8,4.66,14.67,57.99,3.76,A4III,0.184
14576,03 08 10.13,+40 57 20.3,2.09,35.14,2.39,-1.44,B8V,-0.003
86263,17 37 35.23,-15 23 54.3,3.54,30.93,-39.3,-61.27,F0IIIp,0.262
78072,15 56 26.99,+15 39 53.0,3.85,89.92,311.2,-1282.17,F6V,0.478
33018,06 52 47.34,+33 57 40.9,3.6,16.59,-2.66,-47.67,A3III,0.102
22783,04 54 03.01,+66 20 33.6,4.26,0.47,0.49,7.31,O9.5Ia SB:,-0.008
92420,18 50 04.79,+33 21 45.6,3.52,3.7,1.1,-4.46,A8:V comp SB,0.003
24845,05 19 34.53,-13 10 36.4,4.29,3.03,-2.49,-4.74,B0.5IV,-0.235
71957,14 43 03.56,-05 39 26.7,3.87,53.54,104.23,-319.9,F2III,0.385
45336,09 14 21.79,+02 18 54.1,3.89,25.34,112.57,-306.07,B9.5V,-0.06
114971,23 17 09.49,+03 16 56.1,3.7,24.92,760.35,17.96,G7III,0.916
104732,21 12 56.18,+30 13 37.5,3.21,21.62,6.87,-68.12,G8II SB,0.99
57632,11 49 03.88,+14 34 20.4,2.14,90.16,-499.02,-113.78,A3Vvar,0.09
18724,04 00 40.82,+12 29 25.4,3.41,8.81,-8.15,-11.98,B3V + A,-0.099
24873,05 19 59.03,-12 18 56.2,5.29,9.83,-12.12,7.97,B7/B8V,-0.104
80170,16 21 55.24,+19 09 10.9,3.74,16.69,-47.44,44.61,A9III,0.299
114996,23 17 25.81,-58 14 09.3,3.99,45.4,-34.93,79.59,F1III,0.41
90422,18 26 58.43,-45 58 06.0,3.49,13.08,-16.68,-53.33,B3IV,-0.179
22845,04 54 53.70,+10 09 04.1,4.64,27.04,40.08,-128.37,A0V,0.085
112961,22 52 36.86,-07 34 46.8,3.73,8.33,19.51,32.71,M2IIIvar,1.626
4427,00 56 42.50,+60 43 00.3,2.15,5.32,25.65,-3.82,B0IV:evar,-0.046
78159,15 57 35.30,+26 52 40.9,4.14,14.2,-76.55,-60.24,K3III,1.231
4436,00 56 45.10,+38 29 57.3,3.86,23.93,152.78,36.82,A5V,0.13
67927,13 54 41.12,+18 23 54.9,2.68,88.17,-60.95,-358.1,G0IV,0.58
76127,15 32 55.80,+31 21 33.0,4.14,10.49,-19.62,-8.94,B6Vnn,-0.127
41312,08 25 44.25,-66 08 11.5,3.77,30.21,-35.83,-152.15,K2IIIvar,1.132
82273,16 48 39.87,-69 01 39.5,1.91,7.85,17.85,-32.92,K2IIb-IIIa,1.447
59747,12 15 08.76,-58 44 56.0,2.79,8.96,-36.68,-10.72,B2IV,-0.193
10602,02 16 30.50,-51 30 43.6,3.56,21.06,90.75,-21.9,B8IV-V,-0.12
29038,06 07 34.32,+14 46 06.7,4.42,6.1,4.95,-21.18,B3IV,-0.164
110960,22 28 49.80,-00 01 12.2,3.65,31.53,191.32,37.47,F3III-IV,0.406
59774,12 15 25.45,+57 01 57.4,3.32,40.05,103.56,7.81,A3Vvar,0.077
90496,18 27 58.27,-25 25 16.5,2.82,42.2,-44.81,-186.29,K1IIIb,1.025
98688,20 02 39.46,-27 42 35.6,4.43,7.28,32.28,14.35,M4III,1.64
55687,11 24 36.61,-10 51 33.8,4.81,8.95,-24.14,24.46,K5III,1.556
33160,06 54 11.48,-12 02 18.9,4.08,12.94,-139.04,-14.47,K4III,1.418
6537,01 24 01.45,-08 10 57.9,3.6,28.48,-78.38,-206.88,K0III,1.065
33165,06 54 13.05,-23 55 42.1,6.65,1.74,-3.86,4.75,WN5 (SB1),-0.056
86414,17 39 27.89,+46 00 22.8,3.82,6.58,-7.17,3.97,B3V SB,-0.179
100751,20 25 38.85,-56 44 05.6,1.94,17.8,7.71,-86.15,B2IV,-0.118
65936,13 31 02.67,-39 24 26.2,3.9,2.6,-15.65,-11.25,G8II/III,1.186
43409,08 50 32.01,-27 42 36.2,4.02,15.63,-133.49,88.16,K3III,1.272
110997,22 29 16.15,-43 29 44.0,3.97,11.03,25.62,-4.23,G6/G8III,1.022
55705,11 24 52.98,-17 41 02.5,4.06,38.9,-97.01,3.22,A9V,0.216
104858,21 14 28.79,+10 00 27.8,4.47,54.11,42.32,-303.43,F5V+...,0.529
59803,12 15 48.47,-17 32 31.1,2.58,19.78,-159.58,22.31,B8III,-0.107
84380,17 15 02.85,+36 48 33.0,3.16,8.89,-27.35,2.7,K3IIvar,1.437
84379,17 15 01.92,+24 50 22.5,3.12,41.55,-21.14,-157.68,A3IVv SB,0.08
115102,23 18 49.43,-32 31 54.6,4.41,18.24,19.65,-78.57,K1III,1.109
37279,07 39 18.54,+05 13 39.0,0.4,285.93,-716.57,-1034.58,F5IV-V,0.432
35228,07 16 49.83,-67 57 25.8,3.97,4.94,-4.11,8.5,F6II,0.76
20889,04 28 36.93,+19 10 49.9,3.53,21.04,107.23,-36.77,K0III,1.014
12706,02 43 18.12,+03 14 10.2,3.47,39.78,-146.43,-145.27,A3V,0.093
68002,13 55 32.43,-47 17 17.8,2.55,8.48,-57.14,-44.75,B2.5IV,-0.176
20894,04 28 39.67,+15 52 15.4,3.4,21.89,108.66,-26.39,A7III,0.179
72105,14 44 59.25,+27 04 27.0,2.35,15.55,-50.65,20.0,A0,0.966
111022,22 29 31.82,+47 42 24.8,4.34,2.8,-0.6,-3.37,M0II,1.679
49583,10 07 19.95,+16 45 45.6,3.48,1.53,-1.94,-0.53,A0Ib,-0.031
102831,20 49 58.08,-33 46 46.8,4.89,8.57,3.71,-20.19,G8III,1.004
10670,02 17 18.84,+33 50 50.4,4.03,27.73,44.91,-52.42,A1Vnn,0.019
2484,00 31 32.56,-62 57 29.1,4.36,23.35,82.48,-54.37,B9V,-0.064
94648,19 15 33.29,+73 21 18.8,4.45,21.73,-116.6,104.25,K3III,1.257
49593,10 07 25.73,+35 14 40.9,4.49,35.78,50.97,0.64,A7V,0.19
78265,15 58 51.12,-26 06 50.6,2.89,7.1,-12.0,-25.71,B1V + B2V,-0.18
82363,16 49 47.11,-59 02 28.7,3.77,10.41,39.59,-25.28,K5III,1.562
27072,05 44 27.97,-22 26 51.0,3.59,111.49,-292.42,-368.45,F7V,0.481
92609,18 52 13.04,-62 11 15.2,4.22,1.8,-1.33,-13.53,B2II-III,-0.15
35264,07 17 08.56,-37 05 51.0,2.71,2.98,-10.57,7.0,K3Ib,1.616
8645,01 51 27.61,-10 20 05.8,3.74,12.59,38.78,-38.04,K2III,1.136
90568,18 28 49.74,-49 04 12.1,4.1,25.6,137.9,-229.14,G8/K0III,0.995
80331,16 23 59.51,+61 30 50.7,2.73,37.18,-16.98,56.68,G8III,0.91
27100,05 44 46.42,-65 44 07.9,4.34,22.48,-28.38,6.12,A7V,0.217
82396,16 50 10.24,-34 17 33.4,2.29,49.85,-611.83,-255.87,K2IIIb,1.144
29151,06 08 57.90,+02 29 59.0,5.7,5.35,-1.75,-14.17,A3Vn,0.067
4577,00 58 36.35,-29 21 26.9,4.3,4.85,22.44,6.3,B7IIIp,-0.154
12770,02 44 07.35,-13 51 31.2,4.24,7.4,-7.58,-8.4,B7IV,-0.122
90595,18 29 11.85,-14 33 56.9,4.67,11.19,3.07,-3.48,A1IV/V,0.076
23015,04 56 59.62,+33 09 58.1,2.69,6.37,3.63,-18.54,K3IIvar,1.49
106985,21 40 05.34,-16 39 44.1,3.69,23.48,187.39,-22.33,A7III:mp...,0.32
49641,10 07 56.30,-00 22 17.9,4.48,11.35,-26.17,-3.65,A0III,-0.032
76267,15 34 41.19,+26 42 53.7,2.22,43.65,120.38,-89.44,A0V,0.032
61932,12 41 31.20,-48 57 35.6,2.2,25.01,-187.28,-1.2,A1IV,-0.023
53740,10 59 46.75,-18 17 56.8,4.08,18.71,-462.39,129.11,K1III,1.079
113136,22 54 39.04,-15 49 14.7,3.27,20.44,-44.08,-24.81,A3V,0.066
45556,09 17 05.43,-59 16 30.9,2.21,4.71,-19.03,13.11,A8Ib,0.189
96757,19 40 05.78,+18 00 50.2,4.39,6.89,15.09,-19.72,G0II,0.777
76276,15 34 48.19,+10 32 19.9,3.8,15.54,-72.63,3.17,F0IV,0.268
61941,12 41 40.00,-01 26 58.3,2.74,84.53,-616.66,60.66,F0V+...,0.368
111104,22 30 29.26,+43 07 24.2,4.52,2.38,-2.05,-5.76,B2IV,-0.086
39429,08 03 35.07,-40 00 11.5,2.21,2.33,-30.82,16.77,O5IAf,-0.269
49669,10 08 22.46,+11 58 01.9,1.36,42.09,-249.4,4.91,B7V,-0.087
76297,15 35 08.46,-41 10 00.1,2.8,5.75,-16.05,-25.52,B2IV,-0.216
109074,22 05 47.03,-00 19 11.4,2.95,4.3,17.9,-9.93,G2Ib,0.969
111123,22 30 38.82,-10 40 40.4,4.82,12.29,1.79,-26.26,A0IVs,-0.053
35350,07 18 05.61,+16 32 25.7,3.58,34.59,-46.09,-37.9,A3V...,0.106
25110,05 22 33.78,+79 13 50.7,5.08,47.66,-78.6,161.13,F6V,0.506
104987,21 15 49.40,+05 14 53.1,3.92,17.51,59.63,-94.33,G0III+...,0.549
12828,02 44 56.37,+10 06 51.2,4.27,38.71,285.17,-30.4,F1III-IV,0.311
72220,14 46 14.99,+01 53 34.6,3.73,25.35,-116.04,-21.75,A0V,-0.005
6686,01 25 48.60,+60 14 07.5,2.66,32.81,297.24,-49.49,A5Vv SB,0.16
14879,03 12 04.28,-28 59 20.8,3.8,70.86,371.49,612.26,F8V,0.543
86565,17 41 24.92,-12 52 30.6,4.24,19.41,-72.16,-55.22,A2Va,0.086
12843,02 45 05.98,-18 34 21.5,4.47,71.56,330.93,36.28,F5/F6V,0.481
76333,15 35 31.54,-14 47 22.4,3.91,21.42,65.67,6.93,K0III,1.007
78384,16 00 07.34,-38 23 47.9,3.42,6.61,-16.58,-27.06,B2.5IV,-0.206
109111,22 06 06.90,-39 32 35.0,4.47,13.2,-24.16,-125.17,M0III,1.349
94779,19 17 06.11,+53 22 05.4,3.8,26.48,60.22,122.93,K0III,0.95
88635,18 05 48.52,-30 25 25.1,2.98,33.94,-55.75,-181.53,K0III,0.981
111169,22 31 17.38,+50 16 56.8,3.76,31.86,137.22,17.15,A1V,0.031
102978,20 51 49.30,-26 55 08.9,4.12,5.19,-7.97,-2.54,K4III,1.633
33347,06 56 08.23,-17 03 15.3,4.36,1.06,-2.46,1.91,B3Ib/II,-0.063
21060,04 30 50.10,-44 57 13.5,5.07,4.59,2.44,-2.48,B2IV-V,-0.194
96837,19 41 02.93,+17 28 34.0,4.39,6.99,9.06,-33.9,G8II,1.041
78401,16 00 20.01,-22 37 17.8,2.29,8.12,-8.67,-36.9,B0.2IV,-0.117
37447,07 41 14.88,-09 33 03.9,3.94,22.61,-74.8,-19.64,K0III,1.022
10826,02 19 20.79,-02 58 37.4,6.47,7.79,10.33,-239.48,M5e-M9e,0.966
57936,11 52 54.56,-33 54 29.3,4.29,8.93,-58.02,2.4,Ap Si,-0.1
107089,21 41 28.47,-77 23 22.1,3.73,47.22,64.83,-240.38,K0III,1.008
82514,16 51 52.24,-38 02 50.4,3.0,3.97,-8.84,-21.6,B1.5IV + B,-0.2
23123,04 58 32.90,+01 42 50.5,4.47,3.42,-1.59,-7.93,K2IIvar,1.369
111188,22 31 30.29,-32 20 45.7,4.29,21.99,59.64,-18.7,A1V,0.011
109139,22 06 26.21,-13 52 10.3,4.29,18.9,40.45,-57.16,B8V,-0.075
8796,01 53 04.90,+29 34 45.8,3.42,50.87,12.02,-233.69,F6IV,0.488
113246,22 55 56.89,-32 32 22.9,4.2,19.14,10.84,30.32,G8III,0.952
60000,12 18 20.94,-79 18 44.2,4.24,12.05,-38.07,12.0,B5Vn,-0.123
94820,19 17 38.09,-18 57 10.4,4.88,6.09,-10.05,-10.64,K0III,1.013
98920,20 05 09.47,+19 59 27.2,5.09,20.17,30.61,79.65,K2III,1.058
92791,18 54 30.29,+36 53 55.0,4.22,3.63,-6.73,3.26,M4IIvar,1.575
45688,09 18 50.67,+36 48 10.4,3.82,26.75,-32.61,-123.78,A1V,0.066
109176,22 07 00.47,+25 20 42.2,3.77,85.06,296.73,26.93,F5V,0.435
84606,17 17 40.29,+37 17 28.8,4.64,18.34,-42.74,63.76,A2V,0.043
51839,10 35 28.22,-78 36 28.1,4.11,7.89,-38.0,11.53,M0III,1.58
8832,01 53 31.77,+19 17 38.7,3.88,15.96,79.43,-99.1,A1p Si,-0.047
8833,01 53 33.34,+03 11 14.9,4.61,17.11,23.69,23.9,K0III SB,0.928
37504,07 41 49.20,-72 36 22.1,3.93,24.36,33.38,15.29,K0III,1.033
8837,01 53 38.82,-46 18 08.8,4.39,10.15,-92.38,-91.46,M4III SB,1.597
88714,18 06 37.88,-50 05 29.2,3.65,3.22,-8.43,-9.26,B2Ib,-0.101
92814,18 54 43.12,-15 36 10.9,5.08,1.96,-2.38,-5.64,B3II,0.141
86670,17 42 29.28,-39 01 47.7,2.39,7.03,-6.49,-25.55,B1.5III,-0.171
58001,11 53 49.74,+53 41 41.0,2.41,38.99,107.76,11.16,A0V SB,0.044
53910,11 01 50.39,+56 22 56.4,2.34,41.07,81.66,33.74,A1V,0.033
27288,05 46 57.35,-14 49 19.0,3.55,46.47,-14.84,-1.18,A2Vann,0.104
74395,15 12 17.20,-52 05 56.7,3.41,28.06,-113.94,-71.0,G8III,0.918
78493,16 01 26.59,+29 51 03.9,4.98,9.29,-38.2,-6.9,A0p...,-0.05
677,00 08 23.17,+29 05 27.0,2.07,33.6,135.68,-162.95,B9p,-0.038
64166,13 09 03.28,-23 07 04.7,4.94,14.14,-19.97,-39.9,K0III,1.048
33449,06 57 16.60,+58 25 23.0,4.35,19.14,6.58,-123.53,G5III-IV,0.85
49841,10 10 35.40,-12 21 13.8,3.61,28.44,-200.33,-100.28,K0III,1.007
72370,14 47 51.73,-79 02 41.0,3.83,7.93,-5.67,-15.75,K5III,1.433
105140,21 17 56.25,-32 10 20.9,4.71,19.76,55.46,-22.12,A0V,0.07
8886,01 54 23.68,+63 40 12.5,3.35,7.38,31.98,-18.66,B2pvar,-0.15
92855,18 55 15.92,-26 17 47.7,2.05,14.54,13.87,-52.65,B2.5V,-0.134
31416,06 35 03.38,-22 57 53.4,4.54,7.92,13.11,16.52,A0III,-0.035
27321,05 47 17.08,-51 04 00.2,3.85,51.87,4.65,81.96,A3V,0.171
68282,13 58 40.77,-44 48 12.7,3.87,7.81,-27.97,-21.69,B2IV-V,-0.208
78527,16 01 53.70,+58 33 52.0,4.01,47.79,-320.07,334.96,F8IV-V,0.528
80582,16 27 11.05,-47 33 17.0,4.46,8.16,-13.72,-20.63,B4V,-0.07
8903,01 54 38.35,+20 48 29.9,2.64,54.74,96.32,-108.8,A5V...,0.165
66249,13 34 41.75,-00 35 45.4,3.38,44.55,-278.89,48.56,A3V,0.114
6867,01 28 21.94,-43 19 03.8,3.41,13.94,-18.21,-207.71,K5II-III,1.542
109268,22 08 13.88,-46 57 38.2,1.73,32.16,127.6,-147.91,B7IV,-0.07
86742,17 43 28.38,+04 34 00.9,2.76,39.78,-40.67,158.8,K2III,1.168
113368,22 57 38.83,-29 37 18.6,1.17,130.08,329.22,-164.22,A3V,0.145
88794,18 07 32.55,+28 45 44.9,3.84,9.39,-0.17,7.51,B9.5V,-0.018
35550,07 20 07.39,+21 58 56.4,3.5,55.45,-18.72,-7.76,F0IV...,0.374
60129,12 19 54.39,-00 40 00.3,3.89,13.06,-59.14,-23.13,A2IV,0.026
27366,05 47 45.39,-09 40 10.6,2.07,4.52,1.55,-1.2,B0.5Iavar,-0.168
41704,08 30 16.03,+60 43 06.4,3.35,17.76,-134.31,-107.73,G4II-III,0.856
746,00 09 10.09,+59 09 00.8,2.28,59.89,523.39,-180.42,F2III-IV,0.38
115438,23 22 58.30,-20 06 01.2,3.96,20.14,-120.27,-96.7,K0III,1.082
105199,21 18 34.58,+62 35 07.6,2.45,66.84,149.91,48.27,A7IV-V,0.257
82671,16 53 59.73,-42 21 43.3,4.7,-1.13,-0.48,-2.17,B1Iae,0.444
64241,13 09 59.55,+17 31 44.8,4.32,69.81,-445.95,129.69,F5V,0.455
29426,06 11 56.40,+14 12 31.7,4.45,5.14,-1.59,-20.23,B3IV,-0.18
25336,05 25 07.87,+06 20 59.0,1.64,13.42,-8.75,-13.28,B2III,-0.224
11001,02 21 45.02,-68 39 33.9,4.08,24.1,-50.07,2.38,A3V,0.034
29434,06 12 03.28,+16 07 49.6,4.95,4.21,5.57,-16.77,B5Vn,-0.149
765,00 09 24.54,-45 44 49.2,3.88,23.28,122.15,-180.13,K0III,1.013
90887,18 32 21.31,-39 42 14.1,5.16,14.83,31.98,-37.62,A3V,0.079
76552,15 38 03.32,-42 34 02.9,4.34,14.19,-147.6,56.35,K4.5III,1.412
92946,18 56 13.16,+04 12 12.7,4.62,24.73,37.69,26.98,A5V,0.161
51986,10 37 18.26,-48 13 32.2,3.84,37.71,-131.48,-1.58,A3m+...,0.3
92953,18 56 16.97,-42 42 38.2,5.35,10.52,-27.03,-30.48,G6III-IV,0.998
4889,01 02 49.09,+31 48 15.6,5.5,7.87,15.53,-30.38,B9.5V,-0.043
21281,04 33 59.72,-55 02 42.0,3.3,18.56,58.06,12.73,A0V:,-0.079
88866,18 08 34.79,-63 40 05.0,4.33,23.55,17.45,-207.64,Am,0.228
47908,09 45 51.10,+23 46 27.4,2.97,13.01,-46.09,-9.57,G0II,0.808
43813,08 55 23.68,+05 56 43.9,3.11,21.64,-99.76,14.65,G8III-IV,0.978
45860,09 21 03.46,+34 23 33.1,3.14,14.69,-222.8,14.78,M0IIIvar,1.55
109352,22 09 13.68,+33 10 21.0,5.58,11.51,-60.0,-65.86,G6III:,0.985
4906,01 02 56.66,+07 53 24.3,4.27,17.14,-80.57,25.88,K0III,0.952
33579,06 58 37.55,-28 58 19.5,1.5,7.57,2.63,2.29,B2II,-0.211
54061,11 03 43.84,+61 45 04.0,1.81,26.38,-136.46,-35.25,F7V comp,1.061
107310,21 44 08.40,+28 44 35.6,4.49,44.64,260.33,-242.73,F6V,0.512
78639,16 03 12.86,-49 13 47.0,4.65,14.97,41.18,10.39,G8III,0.902
9007,01 55 56.83,-51 36 34.5,3.69,57.19,681.24,284.23,G5IV,0.844
107315,21 44 11.14,+09 52 30.0,2.38,4.85,30.02,1.38,K2Ibvar,1.52
103227,20 54 48.58,-58 27 14.7,3.67,5.41,21.06,-24.75,K0III,1.25
92989,18 56 40.49,-37 20 35.5,5.36,7.67,8.79,-23.68,B3V,-0.147
58188,11 56 00.98,-17 09 02.9,5.17,11.42,-49.07,-8.23,A0V,-0.022
39757,08 07 32.70,-24 18 16.0,2.83,51.99,-83.29,46.38,F2mF5IIp,0.458
25428,05 26 17.50,+28 36 28.3,1.65,24.89,23.28,-174.22,B7III,-0.13
93015,18 56 57.04,-67 14 00.7,4.4,6.0,-7.83,16.65,F5Ib-II:,0.53
107354,21 44 38.70,+25 38 42.0,4.14,28.34,46.66,13.47,F5IV,0.425
13147,02 49 05.36,-32 24 22.6,4.45,19.31,86.96,158.96,G8III,0.981
15197,03 15 50.03,-08 49 11.4,4.8,27.18,-3.82,45.52,A5m,0.232
7007,01 30 10.94,+06 08 38.2,4.84,9.05,293.23,-46.36,K4III,1.372
105319,21 19 51.88,-53 26 57.4,4.39,33.58,107.37,-67.12,A5V,0.191
31592,06 36 41.00,-19 15 20.6,3.95,50.41,62.32,-69.91,K1III+...,1.037
37740,07 44 26.87,+24 23 53.3,3.57,22.73,-22.45,-56.24,G8III,0.932
109422,22 10 08.48,-32 32 54.4,4.94,53.36,428.62,13.83,F6V,0.489
62322,12 46 16.87,-68 06 29.1,3.04,10.48,-40.4,-10.32,B2V,-0.178
109427,22 10 11.82,+06 11 52.0,3.52,33.77,281.96,31.23,A2V,0.086
39794,08 07 55.84,-68 37 01.7,4.35,5.08,-29.88,30.58,B6IV,-0.113
45941,09 22 06.83,-55 00 38.5,2.47,6.05,-10.72,11.24,B2IV,-0.141
80763,16 29 24.47,-26 25 55.0,1.06,5.4,-10.16,-23.21,M1Ib + B2.5V,1.865
111497,22 35 21.33,-00 07 02.5,4.04,17.77,88.56,-56.1,B9IV-Vn,-0.083
64394,13 11 52.92,+27 52 33.7,4.23,109.23,-801.94,882.7,G0V,0.572
27530,05 49 49.58,-56 09 59.4,4.5,18.78,81.61,-71.77,K1III,1.075
97165,19 44 58.44,+45 07 50.5,2.86,19.07,43.22,48.44,B9.5III,-0.002
84880,17 20 49.64,-12 50 48.8,4.32,16.86,42.75,2.72,A0/A1V,0.037
21393,04 35 33.07,-30 33 44.3,3.81,15.62,-48.92,-12.75,G8III,0.957
86929,17 45 44.00,-64 43 25.4,3.61,8.79,-11.08,-56.37,K1III,1.161
56211,11 31 24.29,+69 19 52.0,3.82,9.76,-41.14,-18.79,M0IIIvar,1.613
13209,02 49 58.99,+27 15 38.8,3.61,20.45,65.47,-116.59,B8Vn,-0.1
23453,05 02 28.68,+41 04 33.2,3.69,4.14,8.88,-21.43,K4II comp,1.154
93085,18 57 43.78,-21 06 23.8,3.52,8.76,34.91,-12.33,G8/K0II/III,1.151
72607,14 50 42.40,+74 09 19.7,2.07,25.79,-32.29,11.91,K4IIIvar,1.465
99240,20 08 41.86,-66 10 45.6,3.55,163.73,1210.29,-1130.34,G5IV-Vvar,0.751
68520,14 01 38.78,+01 32 40.5,4.23,14.94,17.41,-21.2,A3V,0.121
74666,15 15 30.10,+33 18 54.4,3.46,27.94,84.84,-110.57,G8III,0.961
7083,01 31 14.98,-49 04 23.1,3.93,22.15,138.22,154.2,K0III-IV,0.972
21421,04 35 55.20,+16 30 35.1,0.87,50.09,62.78,-189.36,K5III,1.538
72622,14 50 52.78,-16 02 29.8,2.75,42.25,-105.69,-69.0,A3IV,0.147
80816,16 30 13.26,+21 29 22.7,2.78,22.07,-98.43,-14.49,G8III,0.947
70576,14 26 10.80,-45 22 45.3,4.33,10.38,13.55,-6.35,A7:+...,0.434
50099,10 13 44.28,-70 02 16.5,3.29,8.81,-35.73,7.55,B8III,-0.074
109492,22 10 51.26,+58 12 04.5,3.39,4.49,13.35,4.49,K1Ibv SB,1.558
39863,08 08 35.66,-02 59 01.6,4.36,1.76,-16.79,-3.89,G2Ib,0.97
7097,01 31 28.99,+15 20 45.0,3.62,11.09,25.73,-3.29,G8III,0.974
86974,17 46 27.72,+27 43 21.0,3.42,119.05,-291.42,-750.0,G5IV,0.75
95168,19 21 40.38,-17 50 50.1,3.92,26.79,-26.95,22.24,F0III/IV,0.228
31681,06 37 42.70,+16 23 57.9,1.93,31.12,-2.04,-66.92,A0IV,0.001
37826,07 45 19.36,+28 01 34.7,1.16,96.74,-625.69,-45.95,K0IIIvar,0.991
21444,04 36 19.14,-03 21 08.8,3.93,5.56,1.73,-4.54,B2III SB,-0.21
31685,06 37 45.67,-43 11 45.3,3.17,7.71,-0.43,-3.99,B8III SB,-0.103
13254,02 50 34.91,+38 19 08.1,4.22,25.54,195.68,-108.92,F2III,0.343
17358,03 42 55.48,+47 47 15.6,3.01,6.18,23.83,-41.93,B5III SB,-0.125
29651,06 14 51.34,-06 16 29.0,3.99,5.06,-6.18,-20.06,K3III,1.319
13268,02 50 41.79,+55 53 43.9,3.77,2.45,16.64,-13.76,K3Ib comp SB,1.69
29655,06 14 52.70,+22 30 24.6,3.31,9.34,-62.53,-10.24,M3III,1.6
62434,12 47 43.32,-59 41 19.4,1.25,9.25,-48.24,-12.82,B0.5III,-0.238
17378,03 43 14.96,-09 45 54.7,3.52,110.58,-91.71,742.23,K0IV,0.915
78820,16 05 26.23,-19 48 19.4,2.56,6.15,-6.75,-24.89,B0.5V,-0.065
113638,23 00 52.87,-52 45 14.8,4.11,28.99,-65.09,-12.91,G8III,0.96
27628,05 50 57.55,-35 46 09.5,3.12,37.94,55.74,404.68,K1.5III,1.146
91117,18 35 12.44,-08 14 35.9,3.85,18.72,-18.98,-314.63,K2III,1.317
70638,14 26 55.74,-83 40 04.3,4.31,11.7,-95.79,-12.91,K2III,1.3
93174,18 58 43.47,-37 06 25.5,4.83,33.43,-132.25,-110.45,F3IV/V,0.396
97278,19 46 15.57,+10 36 47.8,2.72,7.08,15.72,-3.08,K3II,1.507
27654,05 51 19.15,-20 52 39.0,3.76,29.05,228.96,-647.96,G8III/IV,0.984
25606,05 28 14.73,-20 45 33.2,2.81,20.49,-5.03,-85.92,G5II,0.807
93194,18 58 56.62,+32 41 22.4,3.25,5.14,-2.76,1.77,B9III,-0.049
50191,10 14 44.27,-42 07 19.4,3.85,31.72,-150.68,49.84,A2V,0.051
39953,08 09 31.96,-47 20 11.8,1.75,3.88,-5.93,9.9,WC8 + O9I,-0.145
3092,00 39 19.60,+30 51 40.4,3.27,32.19,115.38,-83.05,K3III...,1.268
9236,01 58 45.87,-61 34 11.7,2.86,45.74,262.54,26.88,F0V,0.29
56343,11 33 00.26,-31 51 27.1,3.54,25.23,-209.09,-41.6,G8III,0.947
115738,23 26 55.91,+01 15 21.0,4.95,20.12,85.6,-94.43,A0p,0.036
17440,03 44 11.55,-64 48 25.5,3.84,32.71,308.39,78.72,K0IV SB,1.133
74785,15 17 00.47,-09 22 58.3,2.61,20.38,-96.39,-20.76,B8V,-0.071
44066,08 58 29.20,+11 51 28.0,4.26,18.79,41.45,-29.22,A5m,0.141
87072,17 47 33.63,-27 49 50.7,4.53,3.03,-3.62,-10.67,F7II,0.6
107556,21 47 02.29,-16 07 35.6,2.85,84.58,263.26,-296.23,A5mF2 (IV),0.18
87073,17 47 35.08,-40 07 37.1,2.99,1.82,0.44,-6.4,F3Ia,0.509
17448,03 44 19.13,+32 17 17.8,3.84,2.21,8.11,-10.32,B1III,0.022
105515,21 22 14.78,-16 50 04.4,4.28,15.13,30.83,5.26,G8III,0.888
1067,00 13 14.15,+15 11 01.0,2.83,9.79,4.7,-8.24,B2IV,-0.19
101421,20 33 12.76,+11 18 12.0,4.03,9.09,10.75,-28.54,B6III,-0.123
5165,01 06 05.11,-46 43 06.6,3.32,16.46,-70.16,31.6,G8IIIvar,0.885
83000,16 57 40.27,+09 22 30.2,3.19,37.99,-293.03,-9.7,K2IIIvar,1.16
93244,18 59 37.39,+15 04 06.5,4.02,21.22,-52.68,-73.81,K2III,1.082
95294,19 23 13.06,-44 47 58.7,4.27,23.52,92.78,-53.73,F2III,0.35
35904,07 24 05.71,-29 18 11.2,2.45,1.02,-3.76,6.66,B5Ia,-0.083
33856,07 01 43.15,-27 56 05.4,3.49,2.68,-6.01,4.64,K4III,1.729
74824,15 17 30.96,-58 48 03.2,4.07,33.75,-98.39,-135.46,A3V,0.088
11345,02 25 57.01,-12 17 25.6,4.88,6.17,-11.71,-11.37,A0V,-0.027
97365,19 47 23.27,+18 32 03.3,3.68,7.28,-4.58,11.1,M2II + B6,1.313
107608,21 47 44.17,-30 53 53.9,5.02,9.63,-34.53,0.64,A1V,0.042
21594,04 38 10.87,-14 18 12.9,3.86,29.84,-77.86,-178.06,K1III,1.082
68702,14 03 49.44,-60 22 22.7,0.61,6.21,-33.96,-25.06,B1III,-0.231
44127,08 59 12.84,+48 02 32.5,3.12,68.32,-441.12,-215.21,A7IV,0.223
66657,13 39 53.27,-53 27 58.9,2.29,8.68,-14.6,-12.79,B1III,-0.171
105570,21 22 53.58,+06 48 40.0,5.16,9.06,52.66,11.15,A3V,0.064
3179,00 40 30.39,+56 32 14.7,2.24,14.27,50.36,-32.17,K0II-IIIvar,1.17
29807,06 16 33.14,-35 08 26.6,4.37,17.83,0.39,87.58,G8II,0.978
15474,03 19 30.97,-21 45 28.6,3.7,12.63,51.35,32.2,M3/M4III,1.614
95347,19 23 53.15,-40 36 56.3,3.96,19.2,32.67,-120.81,B8V,-0.105
115830,23 27 58.17,+06 22 44.8,4.27,20.54,-123.83,-43.26,K1III,1.062
85112,17 23 40.97,+37 08 45.3,4.15,8.12,-38.58,9.19,B9.5III,-0.011
78970,16 07 16.17,-36 45 19.9,5.72,19.22,52.54,-56.45,F0/F2V,0.298
91262,18 36 56.19,+38 46 58.8,0.03,128.93,201.02,287.46,A0Vvar,-0.001
23685,05 05 27.65,-22 22 15.1,3.19,14.39,19.27,-72.35,K4III,1.46
83081,16 58 37.23,-55 59 24.2,3.12,5.68,-18.31,-35.29,K5III,1.552
11407,02 26 59.10,-47 42 13.8,4.24,6.17,19.97,-5.44,B5IV,-0.136
99473,20 11 18.26,-00 49 17.3,3.24,11.36,35.48,6.05,B9.5III,-0.066
68756,14 04 23.43,+64 22 32.9,3.67,10.56,-56.52,17.19,A0III SB,-0.049
15510,03 19 53.22,-43 04 17.6,4.26,165.02,3038.08,726.34,G8V,0.711
76952,15 42 44.64,+26 17 43.9,3.81,22.48,-112.52,50.7,A1Vs,0.02
97433,19 48 10.21,+70 16 04.2,3.84,22.4,80.18,39.02,G8III,0.888
50335,10 16 41.40,+23 25 02.4,3.43,12.56,19.84,-7.3,F0III,0.307
56480,11 34 45.71,-54 15 50.9,4.62,7.04,-55.55,16.64,B9V,-0.077
81065,16 33 27.46,-78 53 49.1,3.86,20.44,-125.68,-77.59,K0IV SB,0.923
33977,07 03 01.47,-23 49 59.9,3.02,1.27,-1.56,4.28,B3Ia,-0.077
54463,11 08 35.40,-58 58 30.2,3.93,0.55,-5.03,2.09,G0Ia0,1.225
48319,09 50 59.69,+59 02 20.8,3.78,28.35,-294.45,-151.75,F0IV,0.291
74946,15 18 54.69,-68 40 46.1,2.87,17.85,-66.48,-32.0,A1V,0.014
52419,10 42 57.43,-64 23 40.1,2.74,7.43,-18.87,12.06,B0Vp,-0.22
50371,10 17 05.01,-61 19 56.4,3.39,4.43,-24.25,6.38,K3II,1.541
50372,10 17 05.93,+42 54 52.1,3.45,24.27,-170.11,-42.64,A2IV,0.029
36046,07 25 43.68,+27 47 53.8,3.78,25.9,-121.28,-84.43,G9III+...,1.024
44248,09 00 38.75,+41 47 00.4,3.96,60.86,-487.67,-219.29,F5V,0.463
113881,23 03 46.33,+28 04 56.8,2.44,16.37,187.76,137.61,M2II-IIIvar,1.655
11484,02 28 09.52,+08 27 36.3,4.3,18.53,41.72,-14.46,B9III,-0.053
48356,09 51 28.68,-14 50 47.6,4.11,11.92,18.68,-21.88,G6/G8III,0.918
5348,01 08 23.06,-55 14 45.0,3.94,11.66,21.17,29.7,B6V + B0V,-0.12
81126,16 34 06.19,+42 26 12.8,4.2,10.79,-9.03,59.8,B9Vvar,-0.013
56561,11 35 46.93,-63 01 11.4,3.11,7.96,-33.84,-6.87,B9II:,-0.044
27890,05 54 05.90,-63 05 27.7,4.65,36.67,120.11,573.43,K1III/IV,1.022
17651,03 46 50.99,-23 14 54.4,4.22,55.79,-159.86,-528.54,F3/F5V,0.434
5364,01 08 35.26,-10 10 54.9,3.46,27.73,215.81,-138.33,K2III,1.161
52468,10 43 32.31,-60 33 59.9,4.58,3.06,-15.22,3.12,K3Ib,1.7
34045,07 03 45.49,-15 37 59.7,4.11,8.11,-0.81,-11.2,B8II,-0.112
89341,18 13 45.81,-21 03 31.8,3.84,0.11,1.72,-1.39,B2III:,0.195
77055,15 44 03.46,+77 47 40.2,4.29,8.68,20.07,-2.5,A3Vn,0.038
38146,07 49 01.70,-24 54 44.1,5.32,10.16,-34.68,14.71,G2,0.751
25859,05 31 12.74,-35 28 13.6,3.86,11.77,28.36,-34.11,K1II/III,1.13
83207,17 00 17.41,+30 55 34.8,3.92,20.04,-47.68,26.89,A0V,-0.018
27913,05 54 23.08,+20 16 35.1,4.39,115.43,-163.17,-98.92,G0V,0.594
85258,17 25 18.00,-55 31 47.4,2.84,5.41,-8.23,-24.71,K3Ib-II,1.479
21770,04 40 33.82,-41 51 48.9,4.44,49.67,-141.18,-74.95,F2V,0.342
54539,11 09 39.86,+44 29 54.8,3.0,22.21,-62.35,-27.38,K1III,1.144
95501,19 25 29.75,+03 06 52.5,3.36,65.05,253.06,80.67,F0IV,0.319
17678,03 47 14.23,-74 14 21.3,3.26,15.23,51.07,115.27,M2III,1.59
9487,02 02 02.80,+02 45 49.5,3.82,23.45,33.29,-0.42,A2,0.024
77070,15 44 16.00,+06 25 31.9,2.63,44.54,134.66,44.14,K2III,1.167
48402,09 52 06.36,+54 03 51.4,4.55,7.47,-4.21,19.18,A3IV,0.038
85267,17 25 23.66,-56 22 39.7,3.31,2.87,-0.77,-15.85,B1Ib,-0.15
19747,04 14 00.08,-42 17 37.9,3.85,27.85,41.89,-203.65,K1III,1.085
34088,07 04 06.54,+20 34 13.1,4.01,2.79,-5.72,-0.96,G3Ibv SB,0.899
113963,23 04 45.62,+15 12 19.3,2.49,23.36,61.1,-42.56,B9.5III,-0.002
60718,12 26 35.94,-63 05 56.6,0.77,10.17,-35.37,-14.73,B0.5IV,-0.243
36145,07 26 42.86,+49 12 41.9,4.61,13.11,-10.79,-48.57,A1V,-0.001
46390,09 27 35.25,-08 39 31.3,1.99,18.4,-14.49,33.25,K3III,1.44
56633,11 36 40.95,-09 48 08.1,4.7,10.7,-59.32,2.82,B9.5Vn,-0.073
103738,21 01 17.46,-32 15 28.0,4.67,14.59,-2.09,-0.19,G8III,0.89
25918,05 31 52.66,-76 20 30.0,5.18,32.43,143.2,287.75,K4III,1.13
93506,19 02 36.72,-29 52 48.4,2.6,36.61,-14.1,3.66,A3IV,0.062
23875,05 07 51.03,-05 05 10.5,2.78,36.71,-83.39,-75.44,A3IIIvar,0.161
19780,04 14 25.43,-62 28 26.3,3.33,19.98,41.64,49.72,G7III,0.915
68933,14 06 41.32,-36 22 07.3,2.06,53.52,-519.29,-517.87,K0IIIb,1.011
60742,12 26 56.33,+28 16 07.0,4.35,19.18,-83.41,-80.99,K2IIICN+...,1.128
5447,01 09 43.80,+35 37 15.0,2.07,16.36,175.59,-112.23,M0IIIvar,1.576
48455,09 52 45.96,+26 00 25.5,3.88,24.52,-216.29,-54.92,K0III,1.222
42313,08 37 39.41,+05 42 13.7,4.14,18.21,-70.27,-6.99,A1Vnn,0.003
25930,05 32 00.40,-00 17 56.7,2.25,3.56,1.67,0.56,O9.5II,-0.175
111954,22 40 39.33,-27 02 37.0,4.18,4.38,22.01,-0.88,B8V,-0.105
27989,05 55 10.29,+07 24 25.3,0.45,7.63,27.33,10.86,M2Ib,1.5
75097,15 20 43.75,+71 50 02.3,3.0,6.79,-18.03,17.68,A3II-III,0.058
3419,00 43 35.23,-17 59 12.1,2.04,34.04,232.79,32.71,K0III,1.019
36188,07 27 09.07,+08 17 21.9,2.89,19.16,-50.28,-38.45,B8Vvar,-0.097
44382,09 02 26.80,-66 23 45.0,4.0,26.24,-2.01,-95.8,Am,0.145
21861,04 42 03.45,-37 08 41.2,5.04,36.16,46.9,193.14,F3V,0.391
93542,19 03 06.83,-42 05 42.0,4.74,17.75,55.74,-45.33,A0Vn,-0.027
30060,06 19 37.39,+59 00 39.3,4.44,21.88,-3.51,24.43,A2Vs,0.032
97649,19 50 46.68,+08 52 02.6,0.76,194.44,536.82,385.54,A7IV-V,0.221
109937,22 15 58.17,+37 44 55.4,4.14,5.2,8.74,0.76,K3III,1.447
81266,16 35 52.96,-28 12 57.5,2.82,7.59,-8.59,-22.5,B0V,-0.206
21881,04 42 14.70,+22 57 25.1,4.27,8.14,-2.84,-20.33,B3V,-0.112
25985,05 32 43.81,-17 49 20.3,2.58,2.54,3.27,1.54,F0Ib,0.211
105858,21 26 26.49,-65 22 05.3,4.21,108.5,81.08,800.68,F6V,0.494
13701,02 56 25.60,-08 53 51.4,3.89,24.49,77.73,-219.99,K1III-IV,1.088
17797,03 48 35.82,-37 37 12.5,4.3,20.23,75.83,-10.69,A+...,-0.038
75141,15 21 22.34,-40 38 50.9,3.22,6.39,-19.11,-24.05,B1.5IV,-0.227
101769,20 37 32.87,+14 35 42.7,3.64,33.49,118.28,-47.65,F5IV,0.425
101772,20 37 33.99,-47 17 30.0,3.11,32.21,49.2,66.07,K0III,0.998
71053,14 31 49.86,+30 22 16.1,3.57,21.92,-100.44,120.22,K3III,1.298
60823,12 28 02.41,-50 13 50.2,3.91,7.36,-32.49,-12.41,B3V,-0.192
50583,10 19 58.16,+19 50 30.7,2.01,25.96,310.77,-152.88,K0III,1.128
105881,21 26 40.03,-22 24 41.0,3.77,8.19,-2.61,18.88,G4Ibp...,1.002
54682,11 11 39.49,-22 49 32.2,4.46,12.26,4.73,-99.06,A1V,0.025
112029,22 41 27.67,+10 49 53.0,3.41,15.64,77.38,-10.98,B8.5V,-0.086
42402,08 38 45.45,+03 20 29.3,4.45,9.25,-19.03,-16.29,K2III,1.216
71075,14 32 04.76,+38 18 28.4,3.04,38.29,-115.55,151.87,A7IIIvar,0.191
7588,01 37 42.75,-57 14 12.0,0.45,22.68,88.02,-40.08,B3Vp,-0.158
23972,05 09 08.78,-08 45 14.7,4.25,1.86,0.0,-2.01,B2IVn,-0.187
9640,02 03 53.92,+42 19 47.5,2.1,9.19,43.08,-50.85,B8V,1.37
75177,15 21 48.44,-36 15 40.2,3.57,9.99,-91.85,-86.03,K5III,1.534
30122,06 20 18.79,-30 03 48.2,3.02,9.7,8.0,3.81,B2.5V,-0.16
46509,09 29 08.84,-02 46 08.2,4.59,58.48,100.93,-3.15,F6V,0.411
77233,15 46 11.21,+15 25 18.9,3.65,21.31,68.54,-41.31,A3V,0.073
110003,22 16 49.97,-07 46 59.7,4.17,17.04,118.95,-21.91,G8III-IV,0.979
19893,04 16 01.49,-51 29 13.5,4.26,49.26,100.57,184.23,F4III,0.312
44471,09 03 37.56,+47 09 24.0,3.57,7.71,-37.37,-55.39,A1Vn,0.007
17847,03 49 09.73,+24 03 12.7,3.62,8.57,17.77,-44.7,B8III,-0.07
21949,04 43 03.95,-70 55 52.0,5.53,6.75,9.3,34.77,B9IV,-0.114
64962,13 18 55.25,-23 10 17.1,2.99,24.69,68.41,-41.09,G8III,0.92
28103,05 56 24.32,-14 10 04.9,3.71,66.47,-42.23,139.02,F1V,0.337
19921,04 16 29.08,-59 18 06.3,4.44,54.84,-47.99,-167.81,K2IV,1.078
17874,03 49 27.28,-36 12 00.4,4.17,15.54,-49.42,-56.63,G8III,0.927
114131,23 06 52.77,-43 31 13.2,4.28,24.51,-48.35,-13.98,F5me...,0.423
26069,05 33 37.52,-62 29 23.5,3.76,3.14,1.06,12.56,F6Ia,0.64
81377,16 37 09.53,-10 34 01.7,2.54,7.12,13.07,25.44,O9.5V,0.038
62956,12 54 01.63,+55 57 35.4,1.76,40.3,111.74,-8.99,A0p,-0.022
93683,19 04 40.93,-21 44 28.9,3.76,23.49,76.26,-58.08,K0III,1.012
32246,06 43 55.93,+25 07 52.2,3.06,3.61,-5.93,-12.81,A3mA6-A9,1.377
15863,03 24 19.35,+49 51 40.5,1.79,5.51,24.11,-26.01,F5Ib,0.481
11767,02 31 47.08,+89 15 50.9,1.97,7.56,44.22,-11.74,F7:Ib-IIv SB,0.636
52727,10 46 46.12,-49 25 12.5,2.69,28.18,62.55,-53.57,G5III SB,0.901
112122,22 42 39.93,-46 53 04.4,2.07,19.17,135.68,-4.51,M5III,1.61
118268,23 59 18.60,+06 51 48.9,4.03,30.78,148.49,-112.16,F4IV,0.419
116231,23 32 58.19,-37 49 06.1,4.38,18.28,96.39,37.58,B9.5IVMNpe.,-0.095
11783,02 32 05.28,-15 14 39.6,4.74,38.73,-80.92,-146.84,F5V,0.454
97804,19 52 28.36,+01 00 20.4,3.87,2.78,6.94,-7.3,F6Ibv SB,0.63
42515,08 40 06.14,-35 18 29.9,3.97,8.4,9.68,-21.18,G5II/III,0.936
116727,23 39 20.98,+77 37 55.1,3.21,72.5,-48.85,127.18,K1IV,1.031
13847,02 58 15.72,-40 18 17.0,2.88,20.22,-53.53,25.71,A4III+...,0.128
36377,07 29 13.88,-43 18 06.8,3.25,17.74,-59.86,188.73,K5III SB,1.509
1562,00 19 25.68,-08 49 25.8,3.56,11.26,-14.37,-37.84,K2III,1.214
95771,19 28 42.41,+24 39 54.6,4.44,11.0,-126.45,-106.99,M0 comp,1.502
15900,03 24 48.84,+09 01 44.6,3.61,15.42,-74.25,-80.31,G8III,0.887
112158,22 43 00.13,+30 13 16.7,2.93,15.18,13.11,-26.11,G2II-III..,0.852
87585,17 53 31.63,+56 52 20.8,3.73,29.26,93.65,78.44,K2III,1.177
60965,12 29 51.98,-16 30 54.3,2.94,37.11,-209.97,-139.3,B9.5V,-0.012
28199,05 57 32.21,-35 16 59.9,4.36,3.82,-2.65,11.19,B2.5IV,-0.165
17959,03 50 21.48,+71 19 56.5,4.59,9.73,18.27,-42.0,A2IVn,0.064
42536,08 40 17.61,-52 55 19.1,3.6,6.59,-24.62,35.09,B3IV,-0.168
89642,18 17 37.73,-36 45 40.6,3.1,21.87,-129.27,-166.61,M2III,1.582
106032,21 28 39.58,+70 33 38.5,3.23,5.48,12.6,8.73,B2IIIv SB,-0.201
110130,22 18 30.18,-60 15 34.2,2.87,16.42,-71.48,-38.15,K3III,1.39
93747,19 05 24.61,+13 51 49.4,2.99,39.18,-7.04,-95.31,A0Vn,0.014
108085,21 53 55.65,-37 21 53.4,3.0,16.07,95.88,-12.1,B8III,-0.084
73273,14 58 31.95,-43 08 01.9,2.68,6.23,-34.06,-38.3,B2III,-0.184
75323,15 23 22.66,-59 19 14.5,4.48,6.4,-10.29,-36.57,B5III + F8,0.169
46651,09 30 42.11,-40 28 00.8,3.6,53.89,-147.14,48.65,F2IV,0.371
1599,00 20 01.91,-64 52 39.4,4.23,116.38,1707.56,1165.36,F9V,0.576
30277,06 22 06.85,-33 26 10.6,3.85,13.75,-24.19,-52.48,G7II,0.858
101958,20 39 38.25,+15 54 43.4,3.77,13.55,54.14,7.91,B9V,-0.057
42568,08 40 37.04,-59 45 39.7,4.31,2.31,-6.87,4.92,B1.5III,-0.117
20042,04 17 53.62,-33 47 54.0,3.55,18.27,62.31,-6.75,B9V,-0.108
40526,08 16 30.95,+09 11 08.4,3.53,11.23,-46.8,-48.65,K4III,1.481
65109,13 20 36.07,-36 42 43.5,2.75,55.64,-340.76,-87.98,A2V,0.068
54872,11 14 06.41,+20 31 26.5,2.56,56.52,143.31,-130.43,A4V,0.128
22109,04 45 30.14,-03 15 16.6,4.01,6.13,17.27,-13.51,B5IV,-0.148
32349,06 45 09.25,-16 42 47.3,-1.44,379.21,-546.01,-1223.08,A0m...,0.009
54879,11 14 14.44,+15 25 47.1,3.33,18.36,-59.01,-79.37,A2V,-0.003
26207,05 35 08.28,+09 56 03.0,3.39,3.09,-1.03,-1.86,O...,-0.16
32362,06 45 17.43,+12 53 45.8,3.35,57.02,-115.16,-190.91,F5IV,0.443
93805,19 06 14.95,-04 52 56.4,3.43,26.05,-19.68,-90.37,B9Vn,-0.096
95853,19 29 42.34,+51 43 46.1,3.76,26.63,20.92,128.12,A5Vn,0.148
5742,01 13 44.94,+24 35 01.6,4.67,8.64,18.58,-21.26,K0III...,1.047
1645,00 20 35.86,+08 11 24.9,5.38,8.26,-4.5,9.59,K3III,1.343
50801,10 22 19.80,+41 29 58.0,3.06,13.11,-80.47,34.1,M0III SB,1.603
63090,12 55 36.48,+03 23 51.4,3.39,16.11,-471.44,-52.81,M3III,1.571
30324,06 22 41.99,-17 57 21.3,1.98,6.53,-3.45,-0.47,B1II/III,-0.24
73334,14 59 09.70,-42 06 14.9,3.13,6.05,-17.76,-21.33,B2IV,-0.208
93825,19 06 25.04,-37 03 45.9,4.23,55.89,96.93,-279.67,F7IV-V,0.523
13954,02 59 42.90,+08 54 26.6,4.71,7.69,9.22,-14.92,B6III,-0.109
48774,09 56 51.75,-54 34 04.1,3.52,1.69,-13.13,2.83,B5Ib,-0.067
30343,06 22 57.59,+22 30 49.9,2.87,14.07,56.84,-108.79,M3IIIvar,1.621
77450,15 48 44.41,+18 08 30.4,4.09,9.36,-51.78,-88.72,M1III,1.616
34444,07 08 23.49,-26 23 35.5,1.83,1.82,-2.75,3.33,F8Ia,0.671
46733,09 31 31.57,+63 03 42.5,3.65,43.2,107.55,26.86,F0IV,0.36
91792,18 43 02.13,-71 25 39.8,4.01,15.55,1.25,-158.29,K2III,1.134
63125,12 56 01.84,+38 19 05.7,2.89,29.6,-233.43,54.98,A0spe...,-0.115
79509,16 13 28.73,-54 37 49.5,4.95,7.45,-5.33,-22.48,G4III,1.017
9884,02 07 10.29,+23 27 46.0,2.01,49.48,190.73,-145.77,K2III,1.151
61084,12 31 09.93,-57 06 45.2,1.59,37.09,27.94,-264.33,M4III,1.6
44700,09 06 31.79,+38 27 08.1,4.56,4.81,-28.37,-14.34,G8Ib-II,1.037
114341,23 09 26.76,-21 10 20.9,3.68,13.96,55.99,31.25,K1III,1.202
85670,17 30 25.98,+52 18 04.9,2.79,9.02,-15.59,11.57,G2II,0.954
28328,05 59 08.79,-42 48 54.4,3.96,6.14,18.53,-11.45,K0III,1.146
93864,19 06 56.44,-27 40 11.3,3.32,27.09,-50.79,-250.51,K1/K2III,1.169
3760,00 48 17.34,+07 17 59.7,5.92,4.93,111.61,3.41,G8III,1.104
34481,07 08 44.82,-70 29 57.1,3.78,23.02,23.71,108.06,G8IIIvar,1.006
24244,05 12 17.89,-11 52 08.9,4.45,13.53,24.95,-31.22,B8V,-0.099
71352,14 35 30.45,-42 09 27.9,2.33,10.57,-35.31,-32.44,B1Vn + A,-0.157
46776,09 31 58.93,-01 11 04.8,4.54,7.11,-11.42,-3.87,A3V,0.109
85693,17 30 44.30,+26 06 38.2,4.41,8.88,18.39,16.78,K3IIIvar,1.434
75458,15 24 55.78,+58 57 57.7,3.29,31.92,-8.27,17.3,K2III,1.166
26311,05 36 12.81,-01 12 06.9,1.69,2.43,1.49,-1.06,B0Ia,-0.184
28360,05 59 31.77,+44 56 50.8,1.9,39.72,-56.41,-0.88,A2V,0.077
77512,15 49 35.70,+26 04 06.8,4.59,19.71,-79.85,-63.78,G5III-IV,0.794
104139,21 05 56.78,-17 13 57.8,4.08,20.61,79.64,-61.64,A1V,-0.01
95947,19 30 43.29,+27 57 34.9,3.05,8.46,-7.09,-5.63,K3II+...,1.088
7884,01 41 25.91,+05 29 15.4,4.45,8.86,-22.73,3.61,K3III,1.347
77516,15 49 37.27,-03 25 48.5,3.54,20.94,-98.07,-27.41,A0V,-0.036
52943,10 49 37.43,-16 11 38.9,3.11,23.54,92.77,199.02,K0/K1III,1.232
102098,20 41 25.91,+45 16 49.2,1.25,1.01,1.56,1.55,A2Ia,0.092
30419,06 23 46.10,+04 35 34.2,4.39,25.39,-20.88,10.75,A5IV,0.215
28380,05 59 43.24,+37 12 46.0,2.65,18.83,42.09,-73.61,A0p Si,-0.083
85727,17 31 05.98,-60 41 01.0,3.6,17.42,-53.65,-99.37,B8V,-0.104
100064,20 18 03.22,-12 32 41.5,3.58,30.01,61.78,2.85,G6/G8III,0.883
91875,18 43 46.94,-38 19 23.9,5.11,16.15,1.12,-53.81,A0/A1V,0.075
67301,13 47 32.55,+49 18 47.9,1.85,32.39,-121.23,-15.56,B3V SB,-0.099
30438,06 23 57.09,-52 41 44.6,-0.62,10.43,19.99,23.67,F0Ib,0.164
20205,04 19 47.53,+15 37 39.7,3.65,21.17,115.29,-23.86,G8III,0.981
98032,19 55 15.68,-41 52 06.3,4.12,17.24,23.37,51.6,K0III,1.063
24305,05 12 55.87,-16 12 19.5,3.29,17.69,45.66,-16.13,B9IV: HgMn,-0.11
98036,19 55 18.77,+06 24 28.6,3.71,72.95,46.35,-481.32,G8IVvar,0.855
114421,23 10 21.43,-45 14 47.9,3.88,17.63,132.42,-26.27,K0III SB,0.998
61174,12 32 04.48,-16 11 45.1,4.3,54.92,-424.37,-58.41,F2V,0.388
85755,17 31 24.95,-23 57 45.3,4.78,7.65,4.91,-25.9,A0V,0.016
40702,08 18 31.27,-76 55 11.9,4.05,51.4,109.84,106.92,F5III,0.413
87808,17 56 15.18,+37 15 01.9,3.86,4.87,2.74,7.24,K1IIvar,1.35
46853,09 32 52.33,+51 40 43.0,3.17,74.15,-947.06,-535.6,F6IV,0.475
24327,05 13 13.89,-12 56 28.6,4.36,5.83,-12.22,-1.32,B7V,-0.094
61199,12 32 28.11,-72 07 58.7,3.84,10.07,-50.59,-5.16,B5V,-0.157
44816,09 07 59.78,-43 25 57.4,2.23,5.69,-23.21,14.28,K4Ib-II,1.665
112405,22 46 03.72,-81 22 53.8,4.13,23.23,-55.35,0.88,A9IV/V,0.208
87833,17 56 36.38,+51 29 20.2,2.24,22.1,-8.52,-23.05,K5III,1.521
81693,16 41 17.48,+31 36 06.8,2.81,92.63,-462.58,345.05,F9IV,0.65
48926,09 58 52.34,-35 53 27.4,5.23,30.67,-89.59,-16.27,A8IV,0.3
85792,17 31 50.52,-49 52 33.5,2.84,13.46,-31.27,-67.15,B2Vne,-0.136
106278,21 31 33.52,-05 34 16.2,2.9,5.33,22.79,-6.7,G0Ib,0.828
3881,00 49 48.83,+41 04 44.2,4.53,4.8,22.68,-18.05,B5V SB,-0.136
42799,08 43 13.49,+03 23 55.2,4.3,6.99,-19.14,-1.29,B3V...,-0.192
69427,14 12 53.74,-10 16 26.6,4.18,14.59,8.04,140.79,K3III,1.323
94005,19 08 20.93,-40 29 47.9,4.57,18.67,48.05,-26.84,K1III,1.07
42806,08 43 17.21,+21 28 06.9,4.66,20.58,-106.94,-39.25,A1IV,0.01
14135,03 02 16.78,+04 05 23.7,2.54,14.82,-11.81,-78.76,M2III,1.63
112440,22 46 31.84,+23 33 56.4,3.97,8.26,56.99,-10.46,G8II-III,1.07
77622,15 50 48.89,+04 28 39.3,3.71,46.39,127.98,61.87,A2m,0.147
110395,22 21 39.30,-01 23 14.5,3.86,20.67,129.24,8.9,A0V,-0.057
59196,12 08 21.54,-50 43 20.7,2.58,8.25,-47.53,-6.42,B2IVne,-0.128
12093,02 35 52.49,+05 35 35.9,4.87,8.77,-28.89,-22.76,G8III,0.88
98110,19 56 18.40,+35 05 00.6,3.89,23.4,-34.0,-27.6,K0IIIvar,1.019
59199,12 08 24.75,-24 43 43.6,4.02,67.71,100.18,-39.33,F0IV/V,0.334
112447,22 46 41.44,+12 10 26.7,4.2,61.54,233.06,-492.04,F7V,0.502
85822,17 32 12.90,+86 35 10.8,4.35,17.85,10.54,53.97,A1Vn,0.021
14146,03 02 23.59,-23 37 27.6,4.08,37.85,-145.96,-55.76,A4V,0.163
77634,15 50 57.54,-33 37 37.6,3.97,15.86,-5.92,-24.91,B9.5III-IV,-0.045
91971,18 44 46.34,+37 36 18.2,4.34,21.23,29.26,26.57,Am,0.192
85829,17 32 15.88,+55 10 22.1,4.86,32.64,143.71,62.46,Am,0.279
18246,03 54 07.92,+31 53 01.2,2.84,3.32,4.41,-9.15,B1Ib,0.271
89931,18 20 59.62,-29 49 40.9,2.72,10.67,29.96,-26.38,K3III,1.38
42828,08 43 35.55,-33 11 11.1,3.68,3.86,-14.28,10.6,B1.5III,-0.18
10064,02 09 32.52,+34 59 14.6,3.0,26.24,148.78,-39.13,A5III,0.14
89937,18 21 02.34,+72 44 01.3,3.55,124.11,531.08,-351.59,F7Vvar,0.489
73555,15 01 56.79,+40 23 26.3,3.49,14.91,-40.2,-29.22,G8III,0.956
26451,05 37 38.68,+21 08 33.3,2.97,7.82,2.39,-18.04,B4IIIp,-0.148
32607,06 48 11.54,-61 56 31.1,3.24,32.96,-68.39,242.03,A7IV,0.225
61281,12 33 29.04,+69 47 17.6,3.85,6.55,-58.14,11.42,B6IIIp,-0.116
65378,13 23 55.42,+54 55 31.5,2.23,41.73,121.23,-22.01,A2V,0.057
16228,03 29 04.13,+59 56 25.2,4.21,0.76,-0.82,-1.85,B9Ia,0.419
46952,09 34 13.38,+36 23 51.4,4.54,18.52,6.82,-22.89,G8III,0.914
89962,18 21 18.92,-02 53 49.6,3.23,52.81,-547.57,-700.72,K0III-IV,0.941
71536,14 37 53.25,-49 25 32.7,4.05,10.51,-27.78,-29.05,B5V,-0.152
24436,05 14 32.27,-08 12 05.9,0.18,4.22,1.87,-0.56,B8Ia,-0.03
87933,17 57 45.83,+29 14 52.5,3.7,24.12,82.33,-18.73,K0III,0.935
51069,10 26 05.51,-16 50 09.9,3.83,13.14,-128.51,-80.06,K4III,1.456
67459,13 49 28.70,+15 47 52.1,4.05,13.29,-93.64,40.76,K5IIIvar,1.52
61317,12 33 45.09,+41 21 24.4,4.24,119.46,-705.06,292.93,G0V,0.588
34693,07 11 08.39,+30 14 43.0,4.41,10.81,-31.0,-48.4,K2III,1.261
67464,13 49 30.30,-41 41 15.6,3.41,6.87,-26.01,-20.38,B2IV,-0.225
102281,20 43 27.55,+15 04 28.9,4.43,16.03,-19.61,-41.74,A7IIIp d Del,0.302
92041,18 45 39.35,-26 59 26.8,3.17,14.14,51.15,0.45,B8.5III,-0.107
40843,08 20 03.87,+27 13 07.0,5.13,55.17,-18.38,-376.26,F6V,0.487
67472,13 49 37.01,-42 28 25.3,3.47,6.19,-23.85,-19.22,B2IV-Ve,-0.17
42911,08 44 41.11,+18 09 17.5,3.94,23.97,-17.1,-228.46,K0III,1.083
14240,03 03 36.90,-59 44 15.4,5.12,23.67,-72.81,-63.89,F0IV,0.349
42913,08 44 42.20,-54 42 30.8,1.93,40.9,28.78,-104.14,A1V,0.043
94114,19 09 28.28,-37 54 15.3,4.11,25.15,85.73,-96.65,A0/A1V,0.042
8102,01 44 05.13,-15 56 22.4,3.49,274.17,-1721.82,854.07,G8V,0.727
85927,17 33 36.53,-37 06 13.5,1.62,4.64,-8.9,-29.95,B1.5IV+...,-0.231
81833,16 42 53.74,+38 55 20.9,3.48,29.11,35.58,-84.98,G8III-IV,0.916
75695,15 27 49.85,+29 06 19.8,3.66,28.6,-181.39,86.84,F0p,0.319
61359,12 34 23.23,-23 23 47.8,2.65,23.34,0.86,-56.0,G5II,0.893
22449,04 49 50.14,+06 57 40.5,3.19,124.6,463.44,11.62,F6V,0.484
59316,12 10 07.53,-22 37 11.3,3.02,10.75,-71.52,10.55,K2III,1.326
83895,17 08 47.23,+65 42 52.7,3.17,9.6,-20.76,19.15,B6III,-0.12
81852,16 43 05.42,-77 30 59.7,4.23,20.69,-282.83,-355.03,K0III,1.06
77760,15 52 40.19,+42 27 00.0,4.6,63.08,438.97,629.52,F9V,0.563
65474,13 25 11.60,-11 09 40.5,0.98,12.44,-42.5,-31.73,B1V,-0.235
57283,11 44 45.76,-18 21 02.2,4.71,9.31,27.15,-24.56,G8III,0.958
28614,06 02 22.99,+09 38 50.5,4.12,21.49,14.19,-37.44,Am...,0.17
110538,22 23 33.64,+52 13 46.2,4.42,19.21,-13.56,-186.37,G9III,1.015
79822,16 17 30.50,+75 45 16.9,4.95,33.52,-89.94,257.8,F5V,0.393
94160,19 10 01.75,-39 20 26.5,4.1,6.42,5.89,-36.78,K0II/IIICN.,1.163
34769,07 11 51.86,-00 29 34.0,4.15,8.7,-0.22,6.68,A2V,-0.005
51172,10 27 09.16,-31 04 04.1,4.28,8.9,-80.42,9.63,K4III,1.429
2021,00 25 39.20,-77 15 18.1,2.82,133.78,2220.12,324.37,G2IV,0.618
20455,04 22 56.03,+17 32 33.3,3.77,21.29,107.75,-28.84,G8III,0.983
22509,04 50 36.72,+08 54 00.9,4.35,16.84,-0.87,-31.57,A1Vn,0.01
53229,10 53 18.64,+34 12 56.0,3.79,33.4,92.47,-286.06,K0III-IV,1.04
112623,22 48 33.20,-51 19 00.1,3.49,25.16,108.47,-65.93,A3V,0.083
73714,15 04 04.26,-25 16 54.7,3.25,11.17,-71.85,-44.69,M3/M4III,1.674
55282,11 19 20.52,-14 46 44.6,3.56,16.75,-124.47,206.61,K0III,1.112
36850,07 34 36.00,+31 53 19.1,1.58,63.27,-206.33,-148.18,A2Vm,0.034
90098,18 23 13.62,-61 29 38.1,4.35,7.76,0.53,1.7,M1III SB,1.462
32759,06 49 50.47,-32 30 30.6,3.5,4.13,-9.18,4.04,B1.5IVne,-0.116
14328,03 04 47.79,+53 30 23.2,2.91,12.72,0.5,-4.19,G8III+...,0.716
100345,20 21 00.65,-14 46 53.0,3.05,9.48,48.42,14.0,A5:n,0.79
102395,20 44 57.56,-66 12 11.7,3.42,23.71,-42.4,10.57,A5IV,0.163
